{
  "project_info": {
    "project_number": "1031603671180",
    "firebase_url": "https://pace-connect-app.firebaseio.com",
    "project_id": "pace-connect-app",
    "storage_bucket": "pace-connect-app.appspot.com"
  },
  "client": [
    {
      "client_info": {
        "mobilesdk_app_id": "1:1031603671180:android:c188808a73a473e5",
        "android_client_info": {
          "package_name": "app.pace"
        }
      },
      "oauth_client": [
        {
          "client_id": "1031603671180-8l3gmppec9guqsqfdh2736ltr00iepeo.apps.googleusercontent.com",
          "client_type": 3
        }
      ],
      "api_key": [
        {
          "current_key": "AIzaSyC7Grab2OSmZRDmhKktlLQh7PwdLY5lr_Q"
        }
      ],
      "services": {
        "analytics_service": {
          "status": 1
        },
        "appinvite_service": {
          "status": 1,
          "other_platform_oauth_client": []
        },
        "ads_service": {
          "status": 2
        }
      }
    }
  ],
  "configuration_version": "1"
}